{
  "version": 1,
  "author": "Anonymous maker",
  "editor": "wokwi",
  "parts": [
    { "type": "wokwi-breadboard", "id": "bb1", "top": -175.8, "left": 444.4, "attrs": {} },
    { "type": "wokwi-arduino-uno", "id": "uno", "top": -191.4, "left": 153, "attrs": {} },
    { "type": "wokwi-led", "id": "led1", "top": -90, "left": 503, "attrs": { "color": "green" } },
    { "type": "wokwi-led", "id": "led3", "top": -90, "left": 560.6, "attrs": { "color": "red" } },
    {
      "type": "wokwi-resistor",
      "id": "r1",
      "top": -14.4,
      "left": 546.65,
      "rotate": 90,
      "attrs": { "value": "220" }
    },
    {
      "type": "wokwi-resistor",
      "id": "r3",
      "top": -14.4,
      "left": 489.05,
      "rotate": 90,
      "attrs": { "value": "220" }
    },
    {
      "type": "wokwi-pushbutton",
      "id": "btn1",
      "top": -105.7,
      "left": 598.7,
      "rotate": 90,
      "attrs": { "color": "green" }
    },
    {
      "type": "wokwi-resistor",
      "id": "r4",
      "top": -14.4,
      "left": 594.65,
      "rotate": 90,
      "attrs": { "value": "1000" }
    },
    {
      "type": "wokwi-pushbutton",
      "id": "btn2",
      "top": -105.7,
      "left": 656.3,
      "rotate": 90,
      "attrs": { "color": "red" }
    },
    {
      "type": "wokwi-resistor",
      "id": "r5",
      "top": -14.4,
      "left": 652.25,
      "rotate": 90,
      "attrs": { "value": "1000" }
    },
    {
      "type": "wokwi-buzzer",
      "id": "bz1",
      "top": -132,
      "left": 846.6,
      "attrs": { "volume": "0.1" }
    },
    {
      "type": "wokwi-lcd2004",
      "id": "lcd2",
      "top": 179.2,
      "left": 572,
      "attrs": { "pins": "i2c" }
    }
  ],
  "connections": [
    [ "bb1:tp.50", "bb1:bp.50", "red", [ "v0.3", "h66.4", "v182.4" ] ],
    [ "bb1:tn.50", "bb1:bn.50", "black", [ "v-0.1", "h56.8", "v172.8" ] ],
    [ "uno:GND.2", "bb1:bn.1", "black", [ "v0" ] ],
    [ "uno:5V", "bb1:bp.1", "red", [ "v0" ] ],
    [ "bb1:7b.h", "uno:13", "green", [ "v28.8", "h-86.4", "v-172.8", "h-163.2", "v-19.2" ] ],
    [ "bb1:13b.h", "uno:11", "green", [ "v9.6", "h-144", "v-172.8", "h-144" ] ],
    [ "bb1:17t.a", "uno:7", "gray", [ "v-96", "h-288" ] ],
    [ "bb1:19b.h", "bb1:bp.15", "red", [ "v0" ] ],
    [ "bb1:25b.h", "bb1:bp.20", "red", [ "v0" ] ],
    [ "bb1:23t.a", "uno:6", "green", [ "v-115.2", "h-326.4" ] ],
    [ "bb1:43b.h", "bb1:bn.35", "black", [ "v0" ] ],
    [ "bb1:44b.h", "uno:2", "green", [ "v-230.4", "h-489.6" ] ],
    [ "lcd2:GND", "bb1:bn.2", "black", [ "h0" ] ],
    [ "lcd2:VCC", "bb1:bp.2", "red", [ "h0" ] ],
    [ "lcd2:SCL", "uno:A5", "green", [ "h0" ] ],
    [ "lcd2:SDA", "uno:A4", "green", [ "h0" ] ],
    [ "led1:A", "bb1:7b.g", "", [ "$bb" ] ],
    [ "led1:C", "bb1:6b.g", "", [ "$bb" ] ],
    [ "led3:A", "bb1:13b.g", "", [ "$bb" ] ],
    [ "led3:C", "bb1:12b.g", "", [ "$bb" ] ],
    [ "r1:1", "bb1:12b.h", "", [ "$bb" ] ],
    [ "r1:2", "bb1:bn.9", "", [ "$bb" ] ],
    [ "r3:1", "bb1:6b.h", "", [ "$bb" ] ],
    [ "r3:2", "bb1:bn.4", "", [ "$bb" ] ],
    [ "btn1:1.l", "bb1:19t.b", "", [ "$bb" ] ],
    [ "btn1:2.l", "bb1:17t.b", "", [ "$bb" ] ],
    [ "btn1:1.r", "bb1:19b.g", "", [ "$bb" ] ],
    [ "btn1:2.r", "bb1:17b.g", "", [ "$bb" ] ],
    [ "btn2:1.l", "bb1:25t.b", "", [ "$bb" ] ],
    [ "btn2:2.l", "bb1:23t.b", "", [ "$bb" ] ],
    [ "btn2:1.r", "bb1:25b.g", "", [ "$bb" ] ],
    [ "btn2:2.r", "bb1:23b.g", "", [ "$bb" ] ],
    [ "r5:1", "bb1:23b.h", "", [ "$bb" ] ],
    [ "r5:2", "bb1:bn.18", "", [ "$bb" ] ],
    [ "bz1:1", "bb1:43b.g", "", [ "$bb" ] ],
    [ "r4:1", "bb1:17b.h", "", [ "$bb" ] ],
    [ "r4:2", "bb1:bn.13", "", [ "$bb" ] ]
  ],
  "dependencies": {}
}